Metric,Value
X_RMS_cm,15.691607631578266
Y_RMS_cm,19.845603891276934
Z_RMS_cm,6.044009477115474
3D_RMS_cm,26.01162421749809
